Year,Hospitals,Public Health,Administration,COVID-19 Response Funding,Total,Province
2020,1186.5624555532247,89.616009675,19.307185680000003,97.14705449999998,3331.35897415,N.L.
2021,1329.9102855419658,68.31060833285719,19.92992731,123.80063825,3644.30099212,N.L.
2022,1435.7160878838974,131.16928945261907,20.75817875,30.47276225,3900.261253505,N.L.
2023,1502.0598723009853,161.01988731490238,21.14607601185311,0.0,4173.238265288683,N.L.
2024,1760.4676755514242,188.42239818521645,22.2291115784088,0.0,4471.845481758102,N.L.
2020,-7.388284245567123,-28.77349948058352,7.299958450634536,0.0,-0.0441689657220134,N.L.
2021,12.080934241418117,-23.774101769771548,3.2254396902863247,27.436327212576515,9.393824574244425,N.L.
2022,7.955860142762461,92.0189157348304,4.1558176661508295,-75.38561781203094,7.023576316513336,N.L.
2023,4.6209543082345705,22.757306978525584,1.868647854538352,0.0,6.998941712901141,N.L.
2024,17.20356212263281,17.01809094967488,5.121685772568929,0.0,7.15528799189622,N.L.
2024,0.0,0.0,0.0,0.0,0.0,N.L.
2020,35.617970466721545,2.690073641729517,0.5795588475999124,2.9161388866772358,100.0,N.L.
2021,36.49287719147251,1.8744502301144683,0.5468792877727194,3.3971024489385395,100.0,N.L.
2022,36.81076714011606,3.363089827245361,0.5322253408369888,0.7813005403834273,100.0,N.L.
2023,35.99266988406857,3.858391902858771,0.5067066548233699,0.0,100.0,N.L.
2024,39.36781095708383,4.213526584356361,0.4970903325950664,0.0,100.0,N.L.
2020,-7.347360533000402,-28.74202557028346,7.347372674874752,0.0,0.0,N.L.
2021,2.4563632157772908,-30.31974288594804,-5.638695701485119,16.49316376729002,0.0,N.L.
2022,0.8711013576036652,79.41739787030701,-2.6795578591780056,-77.00097208938892,0.0,N.L.
2023,-2.2224401163211227,14.727589837203414,-4.794714579634207,0.0,0.0,N.L.
2024,9.377301222405832,9.204214876007356,-1.8978085519037569,0.0,0.0,N.L.
2024,0.0,0.0,0.0,0.0,0.0,N.L.
2020,2252.0373660107816,170.08679268112144,36.64409183045984,184.3803465278885,6322.756003503617,N.L.
2021,2523.280800412036,129.6078753165834,37.81368072842354,234.8908621664491,6914.4474061959245,N.L.
2022,2700.831456017024,246.75222769091388,39.04974152672301,57.32456126324583,7337.069194283866,N.L.
2023,2788.7967477111893,298.957282823038,39.2608238168103,0.0,7748.235284278242,N.L.
2024,3256.4767530628574,348.53986129243594,41.11895157271472,0.0,8271.927429779756,N.L.
2020,-7.254872921143496,-28.670894516503697,7.454528846516784,0.0,0.0998218856893329,N.L.
2021,12.044357633449463,-23.798977408215272,3.1917529935658,27.39473950978861,9.358124880422958,N.L.
2022,7.036500082590691,90.38366849868558,3.2688190477325296,-75.59523570456125,6.1121556541053,N.L.
2023,3.2569707931308534,21.156872876348288,0.5405472144875523,0.0,5.603955463779808,N.L.
2024,16.769956639382233,16.585171634285768,4.732778315030739,0.0,6.758857033731602,N.L.
2024,0.0,0.0,0.0,0.0,0.0,N.L.
2020,338.3086931597653,62.88344348175932,1.70233675,14.1756,820.9516032062835,P.E.I.
2021,350.2261453553778,77.67976017598319,1.76406825,24.262100000000004,888.801240593909,P.E.I.
2022,375.784185434656,101.9222389319261,2.076750266332265,6.5123,966.0643284098056,P.E.I.
2023,430.1832046454063,110.91956268476528,1.7061101701908024,0.0,1094.877020231602,P.E.I.
2024,453.8078530020942,134.99551563538884,1.5294823770491803,0.0,1185.672063054017,P.E.I.
2020,1.8064551453898403,21.939481270642226,-3.216161068300416,0.0,4.429425678635157,P.E.I.
2021,3.522656212083941,23.529749445918725,3.626280170477436,71.15395468269423,8.264754843359112,P.E.I.
2022,7.29758198187751,31.2082306910084,17.725052096610483,-73.15854769372808,8.692954542262843,P.E.I.
2023,14.476133195394848,8.827635506367248,-17.847119229990394,0.0,13.333759257401525,P.E.I.
2024,5.491764462576199,21.70577702244256,-10.35266046868878,0.0,8.292716089995999,P.E.I.
2024,0.0,0.0,0.0,0.0,0.0,P.E.I.
2020,41.20933461101448,7.6598234580654525,0.2073614014944858,1.726727853948541,100.0,P.E.I.
2021,39.4043267897952,8.739834805369592,0.1984772488415099,2.729755415708887,100.0,P.E.I.
2022,38.89846404464774,10.550253842794882,0.2149701842061292,0.6741062482577738,100.0,P.E.I.
2023,39.29055014365071,10.130778218479934,0.1558266488988786,0.0,100.0,P.E.I.
2024,38.27431438615414,11.385569403370408,0.1289970831487407,0.0,100.0,P.E.I.
2020,-2.511715942321746,16.767357934047688,-7.321295408119588,0.0,0.0,P.E.I.
2021,-4.380094554443104,14.099689806387584,-4.284381080059485,58.08834087356058,0.0,P.E.I.
2022,-1.2837746165440531,20.71456815537296,8.309735982782307,-75.30525099873404,0.0,P.E.I.
2023,1.0079732159936627,-3.9759766026996815,-27.512436445855904,0.0,0.0,P.E.I.
2024,-2.586463548566009,12.385930851803284,-17.217572180191397,0.0,0.0,P.E.I.
2024,0.0,0.0,0.0,0.0,0.0,P.E.I.
2020,2125.1480477141918,395.01387298285294,10.693540231040307,89.04662893468932,5156.957926581467,P.E.I.
2021,2160.116357283081,479.11134794263467,10.880377529559064,149.64319416775118,5481.926816834999,P.E.I.
2022,2247.6743871250087,609.6265218312684,12.421646687156166,38.95195827451732,5778.311412360969,P.E.I.
2023,2475.347434764432,638.2500571663317,9.817248529468849,0.0,6300.108870235415,P.E.I.
2024,2546.811446363669,757.6072607681106,8.583595896614838,0.0,6654.100764989762,P.E.I.
2020,-0.3685384406941661,19.334365619819277,-5.283851457995392,0.0,2.1983949377543555,P.E.I.
2021,1.645452871224773,21.289752262304027,1.7471977893384727,68.05037535728164,6.301561790498322,P.E.I.
2022,4.053394139936728,27.241094256915964,14.165585278726644,-73.97011037411305,5.406577019886028,P.E.I.
2023,10.129271790592352,4.69525755688589,-20.96660952674041,0.0,9.030275813072585,P.E.I.
2024,2.887029537574315,18.70069610830818,-12.566175025017468,0.0,5.618821865551671,P.E.I.
2024,0.0,0.0,0.0,0.0,0.0,P.E.I.
2020,2222.3934984945627,74.7206645754375,53.96341105249999,225.5189936325,5258.932011624575,N.S.
2021,2257.205266734999,182.07060968250104,55.563912855,319.3410941275,5677.623972855003,N.S.
2022,2586.874296392686,256.0664649048141,62.36886803499999,82.42072575,6263.390887374719,N.S.
2023,3132.0784893536925,222.7704148428072,72.22911979749999,0.0,7017.627841171889,N.S.
2024,3463.66545760467,159.7144017557975,80.1353938175,0.0,7517.080936204268,N.S.
2020,5.8365518161270336,0.5048027913345354,0.4706334219012564,0.0,9.407850763971236,N.S.
2021,1.5664088409193866,143.66834893268882,2.9659018421628547,41.60274883449069,7.961539725269917,N.S.
2022,14.605186090786804,40.641295896876926,12.247076979186566,-74.19037910695805,10.317113590478977,N.S.
2023,21.07578994933292,-13.002893633254107,15.809573066111524,0.0,12.041990789964997,N.S.
2024,10.586802641698824,-28.30538028647284,10.946103236708238,0.0,7.117121431007312,N.S.
2024,0.0,0.0,0.0,0.0,0.0,N.S.
2020,42.25940730137005,1.4208334393803086,1.026128706992539,4.288304034621532,100.0,N.S.
2021,39.75615992758252,3.206809935863832,0.9786472848616564,5.6245551951711725,100.0,N.S.
2022,41.301498547809246,4.088304075368728,0.9957684129329778,1.3159122148377749,100.0,N.S.
2023,44.63158435074066,3.174440421816474,1.0292526396703063,0.0,100.0,N.S.
2024,46.07726705352782,2.1246864721992056,1.066044046852636,0.0,100.0,N.S.
2020,-3.26420720533912,-8.137485482502981,-8.168716668560204,0.0,0.0,N.S.
2021,-5.923526934336287,125.6992161771242,-4.6272384553050045,31.16036432495097,0.0,N.S.
2022,3.887041965425309,27.488194097398065,1.7494687142305398,-76.60415501002605,0.0,N.S.
2023,8.062869193660415,-22.353123366192666,3.3626520285678474,0.0,0.0,N.S.
2024,3.239147173056089,-33.06894476276167,3.5745749648127934,0.0,0.0,N.S.
2024,0.0,0.0,0.0,0.0,0.0,N.S.
2020,2246.730078707118,75.53890196148429,54.554343703496265,227.9885657769964,5316.520562356016,N.S.
2021,2257.412948726282,182.08736171977927,55.56902520531889,319.37047621131137,5678.146362320336,N.S.
2022,2522.6845870745738,249.7125295894116,60.82127079950655,80.3755693869491,6107.973501625849,N.S.
2023,2958.436044176781,210.4200220675731,68.22473707936382,0.0,6628.570522900752,N.S.
2024,3222.932062383592,148.61385215856075,74.56578391516089,0.0,6994.625047183294,N.S.
2020,4.406128610736437,-0.8535596996855466,-0.887267256464197,0.0,7.929160029067228,N.S.
2021,0.4754852449970981,141.05111007917722,1.8599463084689072,40.08179538429082,6.801926104167388,N.S.
2022,11.751134788961329,37.13885863957056,9.45175045770812,-74.83312473324284,7.569849593131428,N.S.
2023,17.273323004186004,-15.735096507349866,12.172495218428312,0.0,8.523236407890899,N.S.
2024,8.940400071430666,-29.372760872139946,9.294351443847582,0.0,5.522375043274819,N.S.
2024,0.0,0.0,0.0,0.0,0.0,N.S.
2020,1536.8687163425,161.34972038249998,21.5281716475,124.00831925999998,3655.409127031957,N.B.
2021,1662.5708612825,174.99241986500002,24.117414587500004,239.496850375,3954.8985715906297,N.B.
2022,1917.242389499451,256.436604,27.857418521856168,66.458982055,4298.789359735808,N.B.
2023,2069.808739498264,296.5887318990252,30.77581443308585,0.0,4608.338692769609,N.B.
2024,2090.044824905745,267.8599104736779,35.85758940443348,0.0,4738.170649814222,N.B.
2020,-0.9413875843305552,1.8200287532046169,35.28735781706358,0.0,4.000913907080128,N.B.
2021,8.179107532304442,8.45535985445669,12.027231027306897,93.12966404525078,8.193048552183434,N.B.
2022,15.317935262049431,46.5415497413151,15.507482863833166,-72.25058202187641,8.695312456695149,N.B.
2023,7.957593199190871,15.657720962107756,10.476189345900778,0.0,7.200849056089265,N.B.
2024,0.9776790010262548,-9.686417026499894,16.51223554910839,0.0,2.817326713601087,N.B.
2024,0.0,0.0,0.0,0.0,0.0,N.B.
2020,42.04368547906906,4.413998947185137,0.5889401404701311,3.3924607328616503,100.0,N.B.
2021,42.03826801590583,4.42470057568681,0.6098112037750735,6.055701455794256,100.0,N.B.
2022,44.59958907168412,5.965321455428556,0.6480293913160753,1.5459929876416276,100.0,N.B.
2023,44.91442312488343,6.435914364635719,0.6678288312743264,0.0,100.0,N.B.
2024,44.1107967478481,5.653234766548149,0.7567812992518413,0.0,100.0,N.B.
2020,-4.752171212482226,-2.0969865282376654,30.08285478908041,0.0,0.0,N.B.
2021,-0.0128853194040989,0.2424474638467622,3.543834401961754,78.50468826756547,0.0,N.B.
2022,6.092832023453432,34.81864712399456,6.267216362115002,-74.47045567012918,0.0,N.B.
2023,0.7059124529001259,7.888810564917925,3.055330548825985,0.0,0.0,N.B.
2024,-1.7892390041409745,-12.161125113601024,13.319650756583725,0.0,0.0,N.B.
2024,0.0,0.0,0.0,0.0,0.0,N.B.
2020,1961.712971058752,205.95242520410196,27.479311092092228,158.28855505008727,4665.892032789006,N.B.
2021,2102.3857568424205,221.28474620069247,30.497412231506758,302.85311667775244,5001.12363346404,N.B.
2022,2368.228968412105,316.7573372465315,34.41022683932192,82.09190834494449,5309.979346683426,N.B.
2023,2479.7305104502907,355.327578587795,36.87090723763147,0.0,5521.011599226072,N.B.
2024,2470.236804957545,316.5852720190114,42.38030497163231,0.0,5600.072968707041,N.B.
2020,-1.7057287295132006,1.034380383195321,34.24347388328992,0.0,3.1984377195255043,N.B.
2021,7.170915819950285,7.44459356640057,10.983176140405693,91.32976264892972,7.1847269143656245,N.B.
2022,12.644835073890317,43.14467792517922,12.82998891221614,-72.8938208576227,6.175726413815075,N.B.
2023,4.708224733563116,12.17658971266209,7.151014754420726,0.0,3.9742575020457416,N.B.
2024,-0.3828523080526835,-10.903264734687934,14.942398076871278,0.0,1.4320087552804894,N.B.
2024,0.0,0.0,0.0,0.0,0.0,N.B.
2020,14400.243625019611,989.5566524819556,308.93001796310983,7462.176091959774,47041.2521416555,Que.
2021,15257.554508258268,1064.7428484491036,375.3507268447959,8414.827944747414,51130.27317627256,Que.
2022,17587.11248989518,1595.2325964951613,462.6906941142581,2001.4443935869408,51135.37835277642,Que.
2023,18339.908900092563,1990.751064466724,593.6538977481612,0.0,52468.01151639679,Que.
2024,18745.11659291439,2110.9079596254296,627.701370748691,0.0,54267.75234935056,Que.
2020,3.903377606311298,11.067170819967176,8.70469995485954,0.0,21.24266605588263,Que.
2021,5.953447077444762,7.5979678150381424,21.500244398269363,12.766408096615269,8.69241537683514,Que.
2022,15.268226506259698,49.823274119076274,23.268895202000373,-76.21526658977913,0.0099846454687524,Que.
2023,4.2803866219079945,24.79378047066896,28.30469799800266,0.0,2.6060884001418705,Que.
2024,2.209431328308198,6.035756921264945,5.73523952755608,0.0,3.4301677935542507,Que.
2024,0.0,0.0,0.0,0.0,0.0,Que.
2020,30.61194795932749,2.10359335143142,0.6567215027202671,15.863047330221768,100.0,Que.
2021,29.84054956181745,2.0824118126229894,0.7341066329741038,16.45762367773225,100.0,Que.
2022,34.39323821672726,3.119626074710656,0.9048347915257696,3.914011117272337,100.0,Que.
2023,34.9544577163195,3.794218623750576,1.1314587318839753,0.0,100.0,Que.
2024,34.54190708368028,3.8898017114038295,1.1566747167043911,0.0,100.0,Que.
2020,-14.30130911306371,-8.392668659418456,-10.341216098996163,0.0,0.0,Que.
2021,-2.519925875135276,-1.006921741505662,11.78355359666048,3.748184917646413,0.0,Que.
2022,15.256718531535409,49.80831628981204,23.256588468624884,-76.217641173992,0.0,Que.
2023,1.6317727806138604,21.624147666559317,25.04589152413812,0.0,0.0,Que.
2024,-1.18025184652375,2.5191771252962125,2.228626118641474,0.0,0.0,Que.
2024,0.0,0.0,0.0,0.0,0.0,Que.
2020,1684.0233473045982,115.72279953408956,36.12753898338281,872.6573721797939,5501.196296106581,Que.
2021,1779.925211123897,124.21142839716934,43.78789676701592,981.6621921959368,5964.78696693108,Que.
2022,2027.99092615012,183.9481741331811,53.3534160207904,230.78894114769705,5896.481492585366,Que.
2023,2066.542421863695,224.3179913543643,66.8929693317678,0.0,5912.099791778115,Que.
2024,2073.6017544813294,233.51054803694623,69.43689345559066,0.0,6003.1478559011775,Que.
2020,3.0782231120778603,10.185124660590738,7.841415490210912,0.0,20.27981063102895,Que.
2021,5.694806070996394,7.33531239933336,21.20365239148052,12.49113609661736,8.427088325362986,Que.
2022,13.936861699351224,48.092793478714334,21.84512150622382,-76.48998372531473,-1.145145245327306,Que.
2023,1.9009698325800797,21.946299500616327,25.377106698662757,0.0,0.2648748955184299,Que.
2024,0.3416011470632307,4.098002405906054,3.8029768288589727,0.0,1.5400292168559426,Que.
2024,0.0,0.0,0.0,0.0,0.0,Que.
2020,23872.449740089745,4361.093451894775,486.264895704017,6582.969855095,72007.29043882988,Ont.
2021,24332.279262982756,4734.954145369242,418.8080869625012,9238.33934508,77439.57102431936,Ont.
2022,27335.073371818435,6486.380875919673,569.9903790300004,2353.923474505,79782.53736566825,Ont.
2023,28886.90485473049,6217.0931938939575,618.9966896831995,0.0,81474.38102127753,Ont.
2024,31058.65943260231,5793.812301961288,620.9253878110654,0.0,85229.22040956224,Ont.
2020,4.618338256501464,3.691405690786653,-24.483527173204457,0.0,13.758878168636636,Ont.
2021,1.9261932809551572,8.572636601310023,-13.872440584848611,40.33695350936222,7.544070263418945,Ont.
2022,12.34078433993604,36.9893071142688,36.09822655622112,-74.5200583505453,3.0255414775129497,Ont.
2023,5.677070852540456,-4.151586025813414,8.597743480617549,0.0,2.120568875686457,Ont.
2024,7.518128331136098,-6.8083407909727,0.3115845625689895,0.0,4.608613580389287,Ont.
2024,0.0,0.0,0.0,0.0,0.0,Ont.
2020,33.15282326915129,6.056460985154718,0.6752995325065017,9.142087995502658,100.0,Ont.
2021,31.420989219247318,6.114385814304501,0.5408192238448447,11.929739825364946,100.0,Ont.
2022,34.26197545777877,8.130075941544158,0.7144299966514687,2.9504244314971264,100.0,Ont.
2023,35.45520014099463,7.630733877278953,0.7597439611373602,0.0,100.0,Ont.
2024,36.44132761434681,6.797917749475571,0.7285358059445549,0.0,100.0,Ont.
2020,-8.035012351814174,-8.849834527135469,-33.61707319682811,0.0,0.0,Ont.
2021,-5.223790552750451,0.9564138081920248,-19.914171739836384,30.49250708627657,0.0,Ont.
2022,9.041682993198608,32.966354895760496,32.10144261743755,-75.26832542295725,0.0,Ont.
2023,3.482649985218389,-6.14191143914905,6.342673837643709,0.0,0.0,Ont.
2024,2.781333822487686,-10.913971594306936,-4.107720072705245,0.0,0.0,Ont.
2024,0.0,0.0,0.0,0.0,0.0,Ont.
2020,1617.176221812469,295.4307877193913,32.940734419646546,445.9459516921738,4877.944206088933,Ont.
2021,1639.3666117825228,319.01350672267625,28.21683850864499,622.4252527662478,5217.425206900579,Ont.
2022,1804.8902306026448,428.2851308160375,37.63553339166722,155.4257208287009,5267.910581591598,Ont.
2023,1850.7318000189823,398.31792763830464,39.65799947984312,0.0,5219.916380838864,Ont.
2024,1935.0263612181488,360.96791494087176,38.68508865848828,0.0,5309.97767616001,Ont.
2020,3.2842212092480283,2.369109100235023,-25.446530556986623,0.0,12.308198859727115,Ont.
2021,1.3721689492307565,7.982485232948888,-14.340590743429582,39.57414579152712,6.959509712880396,Ont.
2022,10.096803096419292,34.25297731620902,33.37969588668328,-75.02901430526131,0.9676300605947707,Ont.
2023,2.5398535954749724,-6.997021615164312,5.373820711210331,0.0,-0.9110671111322022,Ont.
2024,4.554661091266787,-9.376934881863718,-2.453252393251315,0.0,1.7253398091153338,Ont.
2024,0.0,0.0,0.0,0.0,0.0,Ont.
2020,2522.101148910752,550.7445718019089,39.1933758725,533.6790774229249,7201.499280869812,Man.
2021,2651.186743017464,579.7618024763261,37.8053193725,622.8492474051417,7542.164277138127,Man.
2022,3109.34639419461,641.4003398407569,37.787925805,148.3187405325,7879.016588093051,Man.
2023,3058.3273940954587,637.327329059375,43.18274293657352,0.0,7997.256287328262,Man.
2024,3263.320088590008,641.9854871724334,43.17125179488202,0.0,8659.443688294305,Man.
2020,-0.9081588108688976,14.360876919730048,-5.930441871628567,0.0,8.96106421552847,Man.
2021,5.118176729845336,5.268727493669068,-3.5415589218838583,16.708575200813435,4.730473238722177,Man.
2022,17.281304396373432,10.631700312292946,-0.0460082543639384,-76.18705631412222,4.4662552892939855,Man.
2023,-1.6408271588655543,-0.6350184944387771,14.276563258361463,0.0,1.5006910813450736,Man.
2024,6.702771419774001,0.7308894347796802,-0.0266104950961021,0.0,8.280182317219031,Man.
2024,0.0,0.0,0.0,0.0,0.0,Man.
2020,35.02188989465715,7.6476376699073825,0.5442391138830488,7.410666260018929,100.0,Man.
2021,35.15153801480781,7.686942118639672,0.5012529293096387,8.258229660856468,100.0,Man.
2022,39.46363558738442,8.140614157483254,0.4796020592481804,1.8824524466244004,100.0,Man.
2023,38.24220813007344,7.969324805423916,0.5399694768441651,0.0,100.0,Man.
2024,37.68510086856169,7.413703585142069,0.498545326338229,0.0,100.0,Man.
2020,-9.057568497014437,4.955726839745789,-13.66681409948528,0.0,0.0,Man.
2021,0.3701916730953991,0.5139423496349549,-7.898400441436726,11.437074226513255,0.0,Man.
2022,12.267166150056095,5.901853192617335,-4.319350331034954,-77.20513325577375,0.0,Man.
2023,-3.095070788920007,-2.1041330389290125,12.586980483490006,0.0,0.0,Man.
2024,-1.4567863330926412,-6.971998680536795,-7.671572613333288,0.0,0.0,Man.
2024,0.0,0.0,0.0,0.0,0.0,Man.
2020,1827.4347300915797,399.05209922087806,28.398280651778236,386.68698169662383,5217.978628761461,Man.
2021,1904.692169268914,416.5182886970309,27.160476701673367,447.4736030165021,5418.5173020496295,Man.
2022,2199.8914639673376,453.7966999224972,26.7353086084778,104.9368870104124,5574.477442900852,Man.
2023,2102.0848099016007,438.0551604571132,29.680860248026,0.0,5496.766302698231,Man.
2024,2195.1537754772694,431.84757477378906,29.04022093969997,0.0,5824.991110236215,Man.
2020,-1.633255036569814,13.524050807436172,-6.61878796282741,0.0,8.163750779195844,Man.
2021,4.227644243877471,4.37691958274482,-4.358728492343977,15.719852024283698,3.843225270851081,Man.
2022,15.49853039043738,8.950005854984688,-1.5653926028823206,-76.54903299255788,2.878280757583407,Man.
2023,-4.445976343276048,-3.468852785415244,11.017458906811209,0.0,-1.394052464981932,Man.
2024,4.427460069036182,-1.417078542539374,-2.158425675578701,0.0,5.971234530688818,Man.
2024,0.0,0.0,0.0,0.0,0.0,Man.
2020,2130.1921334546423,550.8732350289819,40.728831051060645,314.125,6244.171518335878,Sask.
2021,2254.753359272348,498.06551016110063,42.11808442122023,369.8093125,6556.4731325595085,Sask.
2022,2526.1218786308923,476.2554945252768,43.77249271372081,91.2114375,6742.367069646372,Sask.
2023,2750.946590150449,476.08737660085615,45.31373500448345,0.0,7319.01690928508,Sask.
2024,2801.607976906395,477.01676880654526,49.35645033548988,0.0,7506.388328382678,Sask.
2020,-1.814300961268811,20.117212159665023,-8.34555631058278,0.0,6.234844446271648,Sask.
2021,5.847417416554723,-9.586184535740417,3.4109826732270143,17.726800636689212,5.001490002421671,Sask.
2022,12.035397053189032,-4.3789451770650185,3.9280235918494055,-75.33554877691189,2.835273375310776,Sask.
2023,8.899994628976792,-0.0352999443267942,3.5210292930828,0.0,8.55263194189979,Sask.
2024,1.841598340634265,0.1952146289457834,8.921611362661764,0.0,2.560062661692908,Sask.
2024,0.0,0.0,0.0,0.0,0.0,Sask.
2020,34.114888215344145,8.822198964447953,0.652269575418633,5.0306914068196,100.0,Sask.
2021,34.389729259702456,7.596546193222428,0.6423893390497007,5.640369525248619,100.0,Sask.
2022,37.46639499951437,7.063624534317378,0.6492155093539963,1.352810319548264,100.0,Sask.
2023,37.586285484059104,6.504799517499136,0.6191232451860763,0.0,100.0,Sask.
2024,37.32298216324798,6.35481070174427,0.6575259389241349,0.0,100.0,Sask.
2020,-7.576747016946328,13.067621820084096,-13.724687820509295,0.0,0.0,Sask.
2021,0.8056337239724431,-13.892826223538012,-1.5147473899255526,12.119171484113275,0.0,Sask.
2022,8.946466884277338,-7.015315188638205,1.0626219785019542,-76.01557285400314,0.0,Sask.
2023,0.3199947167222383,-7.911306923284056,-4.635173333715237,0.0,0.0,Sask.
2024,-0.7005303062543877,-2.3058176558918952,6.202754304034697,0.0,0.0,Sask.
2024,0.0,0.0,0.0,0.0,0.0,Sask.
2020,1824.7538804257051,471.88610710508937,34.88891510696603,269.08409043795285,5348.849068205272,Sask.
2021,1930.9172896995467,426.5314878091417,36.068928374589454,316.695922621265,5614.808058294825,Sask.
2022,2143.6479280180547,404.1468120293722,37.1450063845726,77.40133627851482,5721.521721120594,Sask.
2023,2275.188705507825,393.7512367398883,37.477026437266055,0.0,6053.241697620707,Sask.
2024,2267.210291564776,386.0273587175431,39.94186662735476,0.0,6074.568965706345,Sask.
2020,-2.0803323905128623,19.791757903693963,-8.59389148454378,0.0,5.947004080716867,Sask.
2021,5.817957720910494,-9.611348715940714,3.382201091680881,17.694034643899116,4.97226574723284,Sask.
2022,11.017076674040728,-5.248071108359975,2.9833933484456843,-75.55973072281115,1.900575437625496,Sask.
2023,6.136305116642382,-2.572227462907306,0.8938484200432306,0.0,5.797757881012533,Sask.
2024,-0.3506704267533744,-1.961613653914096,6.57693639119068,0.0,0.3523280442282894,Sask.
2024,0.0,0.0,0.0,0.0,0.0,Sask.
2020,8604.337713711266,1710.830215110512,137.8435,1263.335568613361,23991.750018450668,Alta.
2021,8862.07471083053,1783.514996346494,152.54725,1654.91489030384,25014.75205642398,Alta.
2022,9223.129904785166,2564.198953801098,175.19570641,419.208900255351,25862.87644627444,Alta.
2023,10160.651306381256,2579.747903649139,188.69748547,0.0,27654.26208451223,Alta.
2024,10131.52294272123,3369.956577856285,237.10792306145223,0.0,29026.67085232743,Alta.
2020,1.527541530687926,-0.1675688515737072,1.4461449015112704,0.0,6.104302007343776,Alta.
2021,2.9954309755712227,4.248509325706928,10.666988287441905,30.99566982985187,4.263974229418777,Alta.
2022,4.074161025898193,43.772211562774885,14.846846737650132,-74.6688544098854,3.3904968873463392,Alta.
2023,10.164894252543078,0.6063862488123961,7.706683763358124,0.0,6.92647487203939,Alta.
2024,-0.2866781152280229,30.63123621844481,25.655051772880544,0.0,4.962738704150116,Alta.
2024,0.0,0.0,0.0,0.0,0.0,Alta.
2020,35.863735271892075,7.130910474620698,0.5745454162117917,5.265708285730731,100.0,Alta.
2021,35.427393766849995,7.129852785762367,0.6098291506384318,6.615755721147934,100.0,Alta.
2022,35.66165551594616,9.914593062097207,0.6774022478665053,1.6208904725898667,100.0,Alta.
2023,36.74171914379784,9.328572556972787,0.6823450392324156,0.0,100.0,Alta.
2024,34.90418516909892,11.609862512311066,0.8168622721762815,0.0,100.0,Alta.
2020,-4.3134542050322295,-5.911042945726552,-4.39016799291524,0.0,0.0,Alta.
2021,-1.2166649729429049,-0.0148324517899367,6.1411567181720805,25.63847752591284,0.0,Alta.
2022,0.6612446589716825,39.05747229305632,11.080660404201904,-75.4995416863938,0.0,Alta.
2023,3.028641301772228,-5.9106864139964905,0.7296685804450531,0.0,0.0,Alta.
2024,-5.001219370022591,24.454866394677826,19.713960710432836,0.0,0.0,Alta.
2024,0.0,0.0,0.0,0.0,0.0,Alta.
2020,1952.2058933047608,388.1638470629035,31.27479441269928,286.63346608750794,5443.398124887418,Alta.
2021,1999.7772126225743,402.4602324448354,34.423148568745205,373.4408921665763,5644.720088029167,Alta.
2022,2044.6359499232335,568.4462235512004,38.83838168778629,92.93261580812994,5733.429702973191,Alta.
2023,2164.009317077594,549.4331348328088,40.18867534699668,0.0,5889.787869229,Alta.
2024,2099.9760644979874,698.4959903762482,49.14571737604368,0.0,6016.401913765688,Alta.
2020,0.3269928268331501,-1.348073116829518,0.2465587011918568,0.0,4.849633763359695,Alta.
2021,2.4367982640029595,3.6830800936531016,10.066746129488614,30.28516776633696,3.6984611179053273,Alta.
2022,2.243186741878622,41.24283040290606,12.82634884552638,-75.11450466258081,1.571550290547652,Alta.
2023,5.838367811093326,-3.344747124822633,3.476699080989309,0.0,2.7271314789946155,Alta.
2024,-2.95901002247444,27.130299593015785,22.287477633214326,0.0,2.149721642746738,Alta.
2024,0.0,0.0,0.0,0.0,0.0,Alta.
2020,8925.165264677205,1793.0435902213278,260.9412435014569,1777.527020355967,25945.8857511901,B.C.
2021,9242.458091515424,1908.1765481374152,284.3244972788365,2244.533358681786,28641.089359169782,B.C.
2022,10187.606848509897,2470.807693686484,333.4374378364471,550.7164156321545,30103.9611637245,B.C.
2023,10808.279360955214,2606.563199367996,359.3094712758794,0.0,32795.17868350881,B.C.
2024,12312.930216307775,2914.638961978506,400.082839306573,0.0,36720.35128266321,B.C.
2020,3.744507084726556,5.290618683316195,4.197910540982819,0.0,12.481691191509036,B.C.
2021,3.555035872489176,6.42109085043916,8.961118397233768,26.272812338588068,10.387788005487764,B.C.
2022,10.226162213947386,29.485277245350105,17.27355223614293,-75.46410199242527,5.10759833960841,B.C.
2023,6.092427021132063,5.494377649397819,7.759186732991474,0.0,8.939745521022168,B.C.
2024,13.921280206617316,11.819232416279355,11.34770199235513,0.0,11.968748934208984,B.C.
2024,0.0,0.0,0.0,0.0,0.0,B.C.
2020,34.39915426386174,6.910704870189615,1.0057133759231476,6.850901285088846,100.0,B.C.
2021,32.26992512614169,6.662374200255375,0.9927153737530818,7.836759735408501,100.0,B.C.
2022,33.841416394019404,8.207583315194498,1.1076198113032438,1.8293818964122632,100.0,B.C.
2023,32.95691560415312,7.948007310839005,1.095616751301799,0.0,100.0,B.C.
2024,33.53162425251929,7.937394006779547,1.0895397928708386,0.0,100.0,B.C.
2020,-7.767650018621019,-6.393104897355661,-7.364559123157576,0.0,0.0,B.C.
2021,-6.189771764118401,-3.593420274760295,-1.2924161576487792,14.390200782273707,0.0,B.C.
2022,4.86983239575185,23.193070045208408,11.574761566928473,-76.6563993515503,0.0,B.C.
2023,-2.6136636232004795,-3.1626362400116736,-1.083680508325502,0.0,0.0,B.C.
2024,1.7438180661959457,-0.133534150691883,-0.5546609636754574,0.0,0.0,B.C.
2024,0.0,0.0,0.0,0.0,0.0,B.C.
2020,1724.302764702081,346.40815359308635,50.412703210670905,343.4104203832125,5012.631274233269,B.C.
2021,1768.32800485882,365.0849151681647,54.39883697899836,429.43891729846587,5479.802007431083,B.C.
2022,1901.991539005381,461.2913903905177,62.25163524496594,102.81688118706076,5620.307131534568,B.C.
2023,1958.3717887519408,472.28792528084193,65.1039363878794,0.0,5942.218053030282,B.C.
2024,2167.3445658902333,513.0400972637303,70.42331536392442,0.0,6463.583599674259,B.C.
2020,2.4401297596769123,3.96680213234637,2.8878325846027897,0.0,11.067461449652717,B.C.
2021,2.553219832269149,5.391547912875416,7.907002629217685,25.051219127029967,9.319870296449697,B.C.
2022,7.558752323058537,26.35180781929556,14.435599549672885,-76.05785664842257,2.5640547580541684,B.C.
2023,2.9642744770590923,2.383858688759588,4.581889506499537,0.0,5.727639325785749,B.C.
2024,10.67074078265138,8.628671156192592,8.170595007271086,0.0,8.773921488426396,B.C.
2024,0.0,0.0,0.0,0.0,0.0,B.C.
2020,112.097849139608,33.21294886771507,10.94907918,32.57882950249999,379.7139654534697,Y.T.
2021,119.79048498523258,35.327792352792095,12.727937249999998,38.2801540075,404.51858514187313,Y.T.
2022,126.62281202848364,46.52075820871203,15.2792120225,9.16046799,424.7490613064577,Y.T.
2023,160.71699923249997,46.636862631731255,18.5658528675,0.0,485.87967570188135,Y.T.
2024,158.5487060575,47.972195009335046,20.351852775,0.0,491.5846864680729,Y.T.
2020,1.113076837186222,-2.5906191626607566,-7.72546393373823,0.0,7.756096427010695,Y.T.
2021,6.862429479841392,6.367526995270145,16.24664540968275,17.500090064814945,6.532448617943443,Y.T.
2022,5.703564055269772,31.683173814384457,20.044683772305703,-76.06992911207922,5.001124029317294,Y.T.
2023,26.92578584998324,0.2495755174460656,21.5105388953313,0.0,14.392171746629876,Y.T.
2024,-1.3491374187886818,2.863255163942457,9.619810736658586,0.0,1.1741612278699076,Y.T.
2024,0.0,0.0,0.0,0.0,0.0,Y.T.
2020,29.521655598243857,8.746833640435328,2.8835071069677856,8.579834419203687,100.0,Y.T.
2021,29.61309798490953,8.73329277081346,3.146440662432369,9.463138509216911,100.0,Y.T.
2022,29.811204676712617,10.952527609036238,3.597232675571708,2.1566776302751367,100.0,Y.T.
2023,33.077530769389554,9.598438659604684,3.8210803612397553,0.0,100.0,Y.T.
2024,32.252572226494145,9.75868376901743,4.140050195872365,0.0,100.0,Y.T.
2020,-6.164866592327023,-9.601976995037,-14.367224569271087,0.0,0.0,Y.T.
2021,0.3097468106467271,-0.1548088162929173,9.11853328986856,10.295118143960714,0.0,Y.T.
2022,0.6689833394129874,25.41120395779504,14.327046383606422,-77.209700268314,0.0,Y.T.
2023,10.956706138173832,-12.363255293822585,6.222774723141078,0.0,0.0,Y.T.
2024,-2.4940148907935944,1.6694914151729856,8.347634817319548,0.0,0.0,Y.T.
2024,0.0,0.0,0.0,0.0,0.0,Y.T.
2020,2671.668076162067,791.5760729232821,260.9533147433148,776.462879605796,9049.85855983292,Y.T.
2021,2788.354204632866,822.3223936312492,296.26724820185746,891.0442961639625,9415.949003558417,Y.T.
2022,2884.0180395964844,1059.5776838335505,348.0061957066394,208.6429333788862,9674.27539702671,Y.T.
2023,3573.4741352418005,1036.9508089323235,412.80384363535296,0.0,10803.327975583798,Y.T.
2024,3471.265593740992,1050.3033051038942,445.5834933217215,0.0,10762.755817935946,Y.T.
2020,-0.7449283642406712,-4.380567030185157,-9.42105636681626,0.0,5.776022297042038,Y.T.
2021,4.36753837469297,3.884190257851161,13.532663301586734,14.756844089744314,4.045261495581376,Y.T.
2022,3.430835107127783,28.85185810818292,17.463606868056637,-76.58444880045633,2.7434982216945736,Y.T.
2023,23.90609511380799,-2.135461632163016,18.61968227236286,0.0,11.6706681608846,Y.T.
2024,-2.860200959419934,1.2876691986304367,7.940732672858575,0.0,-0.3755524014409928,Y.T.
2024,0.0,0.0,0.0,0.0,0.0,Y.T.
2020,300.67718016500004,23.8966597325,21.206507665,48.494162092500005,573.0517346875,N.W.T.
2021,310.36730095250005,17.890590785000004,22.89673057,64.97457732000001,608.8785605200001,N.W.T.
2022,334.5571763575,41.821571725,24.2985312925,16.2699522075,632.7413008,N.W.T.
2023,347.83369687,49.900184280000005,26.30235264,0.0,643.0048174324999,N.W.T.
2024,352.81125,51.04775,30.096000000000004,0.0,694.887,N.W.T.
2020,4.264066872369554,-46.72559598221952,12.77507404697127,0.0,5.453868178798937,N.W.T.
2021,3.222765619320511,-25.133508259029213,7.970302945211527,33.98432824978912,6.251935674191333,N.W.T.
2022,7.793951015703837,133.76294403907795,6.1222746112787,-74.9595105061316,3.91912966349488,N.W.T.
2023,3.968386108780697,19.316855445130955,8.246676819180854,0.0,1.62207155112577,N.W.T.
2024,1.4310152164068055,2.299722408961013,14.42322446179476,0.0,8.068708221295173,N.W.T.
2024,0.0,0.0,0.0,0.0,0.0,N.W.T.
2020,52.469465139821466,4.170070219843496,3.700627078035888,8.462440501806547,100.0,N.W.T.
2021,50.97359655551631,2.9382855539733432,3.760475742559489,10.671188235714824,100.0,N.W.T.
2022,52.87424353910611,6.6095846236247455,3.840199977744206,2.5713434838107223,100.0,N.W.T.
2023,54.09503746159946,7.760468184243166,4.090537415415417,0.0,100.0,N.W.T.
2024,50.77246372431776,7.346194417221794,4.331063899598065,0.0,100.0,N.W.T.
2020,-1.1282671057756488,-49.48084414745912,6.9425673942648425,0.0,0.0,N.W.T.
2021,-2.8509316424685127,-29.538703209568062,1.617257379940229,26.10059986166821,0.0,N.W.T.
2022,3.728689188175638,124.94698021051188,2.1200571587906225,-75.90386911923423,0.0,N.W.T.
2023,2.3088631454186936,17.412343228117532,6.518864619604092,0.0,0.0,N.W.T.
2024,-6.142104513080893,-5.338257398729018,5.880070508002455,0.0,0.0,N.W.T.
2024,0.0,0.0,0.0,0.0,0.0,N.W.T.
2020,6756.183268133203,536.9553238472947,476.5079018739888,1089.6585046849725,12876.409641549077,N.W.T.
2021,6962.186252551651,401.32328641288507,513.62144888849,1457.5153619417215,13658.416754974316,N.W.T.
2022,7487.01301012644,935.919698444668,543.7737785050912,364.1032160120846,14160.03806198948,N.W.T.
2023,7734.450255047584,1109.5833914435648,584.8606386195856,0.0,14297.89240933247,N.W.T.
2024,7810.418444239443,1130.0781597438406,666.2552667972757,0.0,15383.177949859064,N.W.T.
2020,4.11881313908522,-46.79981432324735,12.617963347013683,0.0,5.306956893811443,N.W.T.
2021,3.049102966020767,-25.259464132435383,7.788653004187918,33.758912143130495,6.073176725458396,N.W.T.
2022,7.538246443528274,133.20842077471312,5.870535524139964,-75.01891057072486,3.672616790174277,N.W.T.
2023,3.3048860017536708,18.55540526473529,7.555873736215801,0.0,0.9735450338445027,N.W.T.
2024,0.9822054145642856,1.8470687699833288,13.916927008423974,0.0,7.590528096422178,N.W.T.
2024,0.0,0.0,0.0,0.0,0.0,N.W.T.
2020,250.6928456714212,62.57708261549886,62.7284401625,35.608998765,639.3838779253281,Nun.
2021,265.1598341930072,61.93239639285252,67.2224237525,53.2242614275,615.4741402571372,Nun.
2022,311.0792978666141,77.81409845137068,64.36373131250001,13.7848650575,633.811582637521,Nun.
2023,349.7790461539959,118.234786687737,68.38327675,0.0,737.1700535283354,Nun.
2024,355.95151312208026,135.48882713626907,72.18398975,0.0,792.6125196287887,Nun.
2020,0.3522597627930723,18.00283626283008,0.7744055163579011,0.0,5.32471750784953,Nun.
2021,5.770802307038148,-1.0302273543296605,7.164188330457755,49.46857051149105,-3.7394964893036073,Nun.
2022,17.317654392626693,25.64360978021356,-4.2525875748324005,-74.10041081307027,2.979400949765787,Nun.
2023,12.440476930732824,51.94519893027729,6.24504725803452,0.0,16.307444313450702,Nun.
2024,1.7646760250374705,14.593032162438524,5.55795682896989,0.0,7.520987299346693,Nun.
2024,0.0,0.0,0.0,0.0,0.0,Nun.
2020,39.2085027987989,9.787091100662233,9.810763506587175,5.569267539329272,100.0,Nun.
2021,43.08220554680442,10.062550534938472,10.922054941969671,8.647684434842963,100.0,Nun.
2022,49.08072152485756,12.277165735526298,10.15502604806606,2.174915295825953,100.0,Nun.
2023,47.44889520129579,16.039011096805535,9.276458860841592,0.0,100.0,Nun.
2024,44.90864127263423,17.093954962977843,9.107096842705255,0.0,100.0,Nun.
2020,-4.721073896719319,12.037173281794654,-4.320269827595324,0.0,0.0,Nun.
2021,9.87975176681366,2.8145179343186166,11.327267593764212,55.27507654775796,0.0,Nun.
2022,13.923418965949574,22.008487737759896,-7.022752567890733,-74.84973795918296,0.0,Nun.
2023,-3.3247806325245377,30.64099192204945,-8.651550306872757,0.0,0.0,Nun.
2024,-5.3536629628253,6.577362281284405,-1.825718419894673,0.0,0.0,Nun.
2024,0.0,0.0,0.0,0.0,0.0,Nun.
2020,6350.03028626412,1585.072636477592,1588.9065113731351,901.973169659819,16195.543907528763,Nun.
2021,6614.774090530538,1544.9881852230833,1676.9551402609393,1327.7518691687872,15353.842744527696,Nun.
2022,7683.816175536967,1922.0476337253472,1589.8167546622208,340.4931470297641,15655.467028220848,Nun.
2023,8599.784775010348,2906.960064114696,1681.2941447643398,0.0,18124.309825396096,Nun.
2024,8687.507433809487,3306.7992396502927,1761.753846906889,0.0,19344.845864003808,Nun.
2020,-1.274565796319049,16.08987455639852,-0.8592635109849533,0.0,3.617282689211177,Nun.
2021,4.16917388314022,-2.5288715691658137,5.541460637083828,47.20525109073384,-5.197115748670789,Nun.
2022,16.161430010691213,24.405328927989167,-5.196226393101933,-74.35566426708003,1.964487253854763,Nun.
2023,11.920751076653268,51.24287312694605,5.753958110823576,0.0,15.769844442997872,Nun.
2024,1.0200564443664684,13.754546561249947,4.785581535099381,0.0,6.734248367888052,Nun.
2024,0.0,0.0,0.0,0.0,0.0,Nun.
